CustomerID,CustomerName,ContactNumber,Email,Address,City,State,Country,PostalCode,RegistrationDate
1,John Doe,123456789,john.doe@example.com,123 Main St,New York,NY,USA,10001,1/1/2020
2,Customer 2,309652396,customer2@example.com,9745 Main St,New York,NY,USA,38436,01/01/2020
3,Customer 3,498764591,customer3@example.com,3225 Main St,New York,NY,USA,33905,01/02/2020
4,Customer 4,504868288,customer4@example.com,5022 Main St,New York,NY,USA,36981,01/03/2020
5,Customer 5,541365315,customer5@example.com,1135 Main St,New York,NY,USA,86473,01/04/2020
6,Customer 6,563622907,customer6@example.com,26 Main St,New York,NY,USA,55463,01/05/2020
7,Customer 7,292771779,customer7@example.com,9681 Main St,New York,NY,USA,76589,01/06/2020
8,Customer 8,517693031,customer8@example.com,957 Main St,New York,NY,USA,29361,01/07/2020
9,Customer 9,845841673,customer9@example.com,1914 Main St,New York,NY,USA,31875,01/08/2020
10,Customer 10,630702035,customer10@example.com,2935 Main St,New York,NY,USA,46661,01/09/2020
11,Customer 11,726610453,customer11@example.com,9662 Main St,New York,NY,USA,12679,01/10/2020
12,Customer 12,677165042,customer12@example.com,2722 Main St,New York,NY,USA,86723,01/11/2020
13,Customer 13,905680932,customer13@example.com,929 Main St,New York,NY,USA,80486,01/12/2020
14,Customer 14,304159575,customer14@example.com,5628 Main St,New York,NY,USA,41222,01/13/2020
15,Customer 15,708910406,customer15@example.com,6266 Main St,New York,NY,USA,78201,01/14/2020
16,Customer 16,343580376,customer16@example.com,5447 Main St,New York,NY,USA,94977,01/15/2020
17,Customer 17,197308044,customer17@example.com,470 Main St,New York,NY,USA,40857,01/16/2020
18,Customer 18,673126970,customer18@example.com,8718 Main St,New York,NY,USA,49606,01/17/2020
19,Customer 19,279207654,customer19@example.com,1864 Main St,New York,NY,USA,10851,01/18/2020
20,Customer 20,367012647,customer20@example.com,1721 Main St,New York,NY,USA,15028,01/19/2020
21,Customer 21,224102743,customer21@example.com,5273 Main St,New York,NY,USA,30177,01/20/2020
22,Customer 22,392249176,customer22@example.com,592 Main St,New York,NY,USA,99236,01/21/2020
23,Customer 23,713256017,customer23@example.com,6186 Main St,New York,NY,USA,49920,01/22/2020
24,Customer 24,854181797,customer24@example.com,2323 Main St,New York,NY,USA,65082,01/23/2020
25,Customer 25,469705497,customer25@example.com,208 Main St,New York,NY,USA,84305,01/24/2020
26,Customer 26,405097549,customer26@example.com,4263 Main St,New York,NY,USA,32036,01/25/2020
27,Customer 27,475363656,customer27@example.com,3422 Main St,New York,NY,USA,48212,01/26/2020
28,Customer 28,474217481,customer28@example.com,5250 Main St,New York,NY,USA,92032,01/27/2020
29,Customer 29,736393364,customer29@example.com,8409 Main St,New York,NY,USA,44735,01/28/2020
30,Customer 30,186837363,customer30@example.com,8217 Main St,New York,NY,USA,92570,01/29/2020
31,Customer 31,607843536,customer31@example.com,5104 Main St,New York,NY,USA,11384,01/30/2020
32,Customer 32,454849523,customer32@example.com,7940 Main St,New York,NY,USA,89403,01/31/2020
33,Customer 33,989724613,customer33@example.com,2283 Main St,New York,NY,USA,75599,02/01/2020
34,Customer 34,220932350,customer34@example.com,1741 Main St,New York,NY,USA,79524,02/02/2020
35,Customer 35,702801999,customer35@example.com,6119 Main St,New York,NY,USA,61654,02/03/2020
36,Customer 36,615448239,customer36@example.com,5847 Main St,New York,NY,USA,72729,02/04/2020
37,Customer 37,615770816,customer37@example.com,3782 Main St,New York,NY,USA,62668,02/05/2020
38,Customer 38,311134424,customer38@example.com,2776 Main St,New York,NY,USA,29055,02/06/2020
39,Customer 39,318660017,customer39@example.com,2604 Main St,New York,NY,USA,56499,02/07/2020
40,Customer 40,187950109,customer40@example.com,7180 Main St,New York,NY,USA,97314,02/08/2020
41,Customer 41,231121811,customer41@example.com,6357 Main St,New York,NY,USA,46209,02/09/2020
42,Customer 42,868281747,customer42@example.com,1163 Main St,New York,NY,USA,18010,02/10/2020
43,Customer 43,607984782,customer43@example.com,624 Main St,New York,NY,USA,69618,02/11/2020
44,Customer 44,700956192,customer44@example.com,8963 Main St,New York,NY,USA,89073,02/12/2020
45,Customer 45,452272321,customer45@example.com,4052 Main St,New York,NY,USA,61115,02/13/2020
46,Customer 46,715697673,customer46@example.com,1242 Main St,New York,NY,USA,81299,02/14/2020
47,Customer 47,260516793,customer47@example.com,9014 Main St,New York,NY,USA,29340,02/15/2020
48,Customer 48,936096639,customer48@example.com,4404 Main St,New York,NY,USA,82932,02/16/2020
49,Customer 49,137003808,customer49@example.com,1199 Main St,New York,NY,USA,63121,02/17/2020
50,Customer 50,193837855,customer50@example.com,2998 Main St,New York,NY,USA,24705,02/18/2020
51,Customer 51,554869706,customer51@example.com,5662 Main St,New York,NY,USA,66448,02/19/2020
52,Customer 52,807217652,customer52@example.com,808 Main St,New York,NY,USA,96823,02/20/2020
53,Customer 53,162515875,customer53@example.com,2122 Main St,New York,NY,USA,35274,02/21/2020
54,Customer 54,900291326,customer54@example.com,8068 Main St,New York,NY,USA,92212,02/22/2020
55,Customer 55,204082891,customer55@example.com,3887 Main St,New York,NY,USA,41075,02/23/2020
56,Customer 56,985408951,customer56@example.com,8923 Main St,New York,NY,USA,63251,02/24/2020
57,Customer 57,393921570,customer57@example.com,6067 Main St,New York,NY,USA,80882,02/25/2020
58,Customer 58,680757632,customer58@example.com,9988 Main St,New York,NY,USA,33417,02/26/2020
59,Customer 59,180701568,customer59@example.com,1824 Main St,New York,NY,USA,23729,02/27/2020
60,Customer 60,418433188,customer60@example.com,200 Main St,New York,NY,USA,33836,02/28/2020
61,Customer 61,605240629,customer61@example.com,1448 Main St,New York,NY,USA,66132,02/29/2020
62,Customer 62,742848645,customer62@example.com,5182 Main St,New York,NY,USA,79658,03/01/2020
63,Customer 63,581447462,customer63@example.com,5209 Main St,New York,NY,USA,76272,03/02/2020
64,Customer 64,602227700,customer64@example.com,6178 Main St,New York,NY,USA,36872,03/03/2020
65,Customer 65,686215697,customer65@example.com,4864 Main St,New York,NY,USA,93891,03/04/2020
66,Customer 66,932141647,customer66@example.com,6181 Main St,New York,NY,USA,21465,03/05/2020
67,Customer 67,755405444,customer67@example.com,1793 Main St,New York,NY,USA,89285,03/06/2020
68,Customer 68,880912233,customer68@example.com,1484 Main St,New York,NY,USA,43374,03/07/2020
69,Customer 69,958778666,customer69@example.com,8390 Main St,New York,NY,USA,28504,03/08/2020
70,Customer 70,570332858,customer70@example.com,895 Main St,New York,NY,USA,55302,03/09/2020
71,Customer 71,585603871,customer71@example.com,5375 Main St,New York,NY,USA,68503,03/10/2020
72,Customer 72,903296120,customer72@example.com,137 Main St,New York,NY,USA,25835,03/11/2020
73,Customer 73,754332161,customer73@example.com,6274 Main St,New York,NY,USA,17788,03/12/2020
74,Customer 74,948819521,customer74@example.com,9585 Main St,New York,NY,USA,62547,03/13/2020
75,Customer 75,526405863,customer75@example.com,3420 Main St,New York,NY,USA,34404,03/14/2020
76,Customer 76,358666409,customer76@example.com,169 Main St,New York,NY,USA,36951,03/15/2020
77,Customer 77,816257571,customer77@example.com,6005 Main St,New York,NY,USA,48111,03/16/2020
78,Customer 78,757731430,customer78@example.com,2853 Main St,New York,NY,USA,77840,03/17/2020
79,Customer 79,832884087,customer79@example.com,9754 Main St,New York,NY,USA,21909,03/18/2020
80,Customer 80,834051083,customer80@example.com,4420 Main St,New York,NY,USA,24281,03/19/2020
81,Customer 81,564510034,customer81@example.com,8040 Main St,New York,NY,USA,28387,03/20/2020
82,Customer 82,653734235,customer82@example.com,8701 Main St,New York,NY,USA,70935,03/21/2020
83,Customer 83,102946944,customer83@example.com,3187 Main St,New York,NY,USA,70565,03/22/2020
84,Customer 84,381012622,customer84@example.com,5919 Main St,New York,NY,USA,99564,03/23/2020
85,Customer 85,563129187,customer85@example.com,5150 Main St,New York,NY,USA,23704,03/24/2020
86,Customer 86,588384053,customer86@example.com,1778 Main St,New York,NY,USA,60859,03/25/2020
87,Customer 87,422325388,customer87@example.com,3362 Main St,New York,NY,USA,19774,03/26/2020
88,Customer 88,401492857,customer88@example.com,8339 Main St,New York,NY,USA,83728,03/27/2020
89,Customer 89,265035946,customer89@example.com,5394 Main St,New York,NY,USA,83064,03/28/2020
90,Customer 90,910037332,customer90@example.com,4318 Main St,New York,NY,USA,28931,03/29/2020
91,Customer 91,676702667,customer91@example.com,4606 Main St,New York,NY,USA,78219,03/30/2020
92,Customer 92,997430278,customer92@example.com,2563 Main St,New York,NY,USA,34919,03/31/2020
93,Customer 93,538279108,customer93@example.com,6214 Main St,New York,NY,USA,90992,04/01/2020
94,Customer 94,756229423,customer94@example.com,9101 Main St,New York,NY,USA,82531,04/02/2020
95,Customer 95,997118847,customer95@example.com,4653 Main St,New York,NY,USA,38954,04/03/2020
96,Customer 96,680073460,customer96@example.com,6236 Main St,New York,NY,USA,81712,04/04/2020
97,Customer 97,792819075,customer97@example.com,424 Main St,New York,NY,USA,49366,04/05/2020
98,Customer 98,757595236,customer98@example.com,6855 Main St,New York,NY,USA,15985,04/06/2020
99,Customer 99,451544500,customer99@example.com,968 Main St,New York,NY,USA,47292,04/07/2020
100,Customer 100,114137320,customer100@example.com,4371 Main St,New York,NY,USA,85577,04/08/2020
101,Customer 101,805957710,customer101@example.com,9053 Main St,New York,NY,USA,65986,04/09/2020
102,Customer 102,630471866,customer102@example.com,6188 Main St,New York,NY,USA,20413,04/10/2020
103,Customer 103,782769175,customer103@example.com,5204 Main St,New York,NY,USA,40441,04/11/2020
104,Customer 104,477989839,customer104@example.com,434 Main St,New York,NY,USA,78740,04/12/2020
105,Customer 105,574057613,customer105@example.com,6238 Main St,New York,NY,USA,70857,04/13/2020
106,Customer 106,850555509,customer106@example.com,1430 Main St,New York,NY,USA,10093,04/14/2020
107,Customer 107,771430485,customer107@example.com,2547 Main St,New York,NY,USA,89249,04/15/2020
108,Customer 108,388629296,customer108@example.com,330 Main St,New York,NY,USA,45235,04/16/2020
109,Customer 109,693491249,customer109@example.com,3613 Main St,New York,NY,USA,46546,04/17/2020
110,Customer 110,221742917,customer110@example.com,8402 Main St,New York,NY,USA,75940,04/18/2020
111,Customer 111,944314793,customer111@example.com,6762 Main St,New York,NY,USA,15037,04/19/2020
112,Customer 112,957151139,customer112@example.com,3969 Main St,New York,NY,USA,35785,04/20/2020
113,Customer 113,609920704,customer113@example.com,8151 Main St,New York,NY,USA,56031,04/21/2020
114,Customer 114,798047583,customer114@example.com,1041 Main St,New York,NY,USA,75911,04/22/2020
115,Customer 115,404913605,customer115@example.com,6251 Main St,New York,NY,USA,91572,04/23/2020
116,Customer 116,158289758,customer116@example.com,8357 Main St,New York,NY,USA,86478,04/24/2020
117,Customer 117,517046784,customer117@example.com,8799 Main St,New York,NY,USA,26881,04/25/2020
118,Customer 118,627619953,customer118@example.com,7705 Main St,New York,NY,USA,66818,04/26/2020
119,Customer 119,477720498,customer119@example.com,6773 Main St,New York,NY,USA,33757,04/27/2020
120,Customer 120,845862436,customer120@example.com,5312 Main St,New York,NY,USA,19630,04/28/2020
121,Customer 121,512739490,customer121@example.com,9412 Main St,New York,NY,USA,80051,04/29/2020
122,Customer 122,650586755,customer122@example.com,9524 Main St,New York,NY,USA,78826,04/30/2020
123,Customer 123,141336362,customer123@example.com,9145 Main St,New York,NY,USA,44330,05/01/2020
124,Customer 124,339292784,customer124@example.com,6012 Main St,New York,NY,USA,72838,05/02/2020
125,Customer 125,550308071,customer125@example.com,2799 Main St,New York,NY,USA,35036,05/03/2020
126,Customer 126,963972245,customer126@example.com,8353 Main St,New York,NY,USA,74866,05/04/2020
127,Customer 127,185846399,customer127@example.com,2196 Main St,New York,NY,USA,38250,05/05/2020
128,Customer 128,268310272,customer128@example.com,4681 Main St,New York,NY,USA,26080,05/06/2020
129,Customer 129,923392138,customer129@example.com,6600 Main St,New York,NY,USA,68812,05/07/2020
130,Customer 130,240904818,customer130@example.com,9304 Main St,New York,NY,USA,66111,05/08/2020
131,Customer 131,616240314,customer131@example.com,3086 Main St,New York,NY,USA,80272,05/09/2020
132,Customer 132,570060415,customer132@example.com,5714 Main St,New York,NY,USA,13466,05/10/2020
133,Customer 133,298170647,customer133@example.com,5241 Main St,New York,NY,USA,30427,05/11/2020
134,Customer 134,609931650,customer134@example.com,733 Main St,New York,NY,USA,80238,05/12/2020
135,Customer 135,910293625,customer135@example.com,5029 Main St,New York,NY,USA,48406,05/13/2020
136,Customer 136,391985506,customer136@example.com,8474 Main St,New York,NY,USA,50621,05/14/2020
137,Customer 137,660389694,customer137@example.com,7595 Main St,New York,NY,USA,58373,05/15/2020
138,Customer 138,805504163,customer138@example.com,4567 Main St,New York,NY,USA,81070,05/16/2020
139,Customer 139,822565854,customer139@example.com,9501 Main St,New York,NY,USA,57273,05/17/2020
140,Customer 140,375511419,customer140@example.com,7445 Main St,New York,NY,USA,49078,05/18/2020
141,Customer 141,926661458,customer141@example.com,3397 Main St,New York,NY,USA,12987,05/19/2020
142,Customer 142,379984046,customer142@example.com,5348 Main St,New York,NY,USA,31074,05/20/2020
143,Customer 143,386051043,customer143@example.com,7035 Main St,New York,NY,USA,38039,05/21/2020
144,Customer 144,594361748,customer144@example.com,596 Main St,New York,NY,USA,78828,05/22/2020
145,Customer 145,166097361,customer145@example.com,648 Main St,New York,NY,USA,48569,05/23/2020
146,Customer 146,138521394,customer146@example.com,574 Main St,New York,NY,USA,21100,05/24/2020
147,Customer 147,199849627,customer147@example.com,6798 Main St,New York,NY,USA,51294,05/25/2020
148,Customer 148,816069646,customer148@example.com,5638 Main St,New York,NY,USA,35819,05/26/2020
149,Customer 149,503471401,customer149@example.com,8449 Main St,New York,NY,USA,18292,05/27/2020
150,Customer 150,835116346,customer150@example.com,5260 Main St,New York,NY,USA,85997,05/28/2020
151,Customer 151,426187713,customer151@example.com,9221 Main St,New York,NY,USA,50444,05/29/2020
152,Customer 152,456965412,customer152@example.com,6568 Main St,New York,NY,USA,83330,05/30/2020
153,Customer 153,870071306,customer153@example.com,4445 Main St,New York,NY,USA,30129,05/31/2020
154,Customer 154,219050326,customer154@example.com,2990 Main St,New York,NY,USA,47644,06/01/2020
155,Customer 155,394501419,customer155@example.com,587 Main St,New York,NY,USA,95728,06/02/2020
156,Customer 156,140186728,customer156@example.com,5103 Main St,New York,NY,USA,52729,06/03/2020
157,Customer 157,819022091,customer157@example.com,7602 Main St,New York,NY,USA,51808,06/04/2020
158,Customer 158,496606210,customer158@example.com,740 Main St,New York,NY,USA,97496,06/05/2020
159,Customer 159,666067507,customer159@example.com,4883 Main St,New York,NY,USA,12173,06/06/2020
160,Customer 160,732108112,customer160@example.com,5411 Main St,New York,NY,USA,84890,06/07/2020
161,Customer 161,492500406,customer161@example.com,438 Main St,New York,NY,USA,96640,06/08/2020
162,Customer 162,269247872,customer162@example.com,3899 Main St,New York,NY,USA,16874,06/09/2020
163,Customer 163,163265574,customer163@example.com,1848 Main St,New York,NY,USA,93099,06/10/2020
164,Customer 164,886800915,customer164@example.com,9725 Main St,New York,NY,USA,99208,06/11/2020
165,Customer 165,734885294,customer165@example.com,1021 Main St,New York,NY,USA,71761,06/12/2020
166,Customer 166,471570218,customer166@example.com,6931 Main St,New York,NY,USA,94416,06/13/2020
167,Customer 167,326866547,customer167@example.com,942 Main St,New York,NY,USA,12757,06/14/2020
168,Customer 168,186361272,customer168@example.com,8642 Main St,New York,NY,USA,22120,06/15/2020
169,Customer 169,808413884,customer169@example.com,5611 Main St,New York,NY,USA,33842,06/16/2020
170,Customer 170,439044840,customer170@example.com,9009 Main St,New York,NY,USA,79583,06/17/2020
171,Customer 171,614571853,customer171@example.com,2108 Main St,New York,NY,USA,93971,06/18/2020
172,Customer 172,120166942,customer172@example.com,9883 Main St,New York,NY,USA,62462,06/19/2020
173,Customer 173,728962584,customer173@example.com,4260 Main St,New York,NY,USA,83381,06/20/2020
174,Customer 174,863716221,customer174@example.com,946 Main St,New York,NY,USA,53864,06/21/2020
175,Customer 175,399008770,customer175@example.com,8394 Main St,New York,NY,USA,75094,06/22/2020
176,Customer 176,185933571,customer176@example.com,7469 Main St,New York,NY,USA,83364,06/23/2020
177,Customer 177,975044958,customer177@example.com,1806 Main St,New York,NY,USA,31107,06/24/2020
178,Customer 178,265255019,customer178@example.com,1863 Main St,New York,NY,USA,14930,06/25/2020
179,Customer 179,887216240,customer179@example.com,8743 Main St,New York,NY,USA,59756,06/26/2020
180,Customer 180,126228040,customer180@example.com,3752 Main St,New York,NY,USA,67308,06/27/2020
181,Customer 181,427093267,customer181@example.com,9865 Main St,New York,NY,USA,95371,06/28/2020
182,Customer 182,727487327,customer182@example.com,2041 Main St,New York,NY,USA,30165,06/29/2020
183,Customer 183,495317064,customer183@example.com,904 Main St,New York,NY,USA,88957,06/30/2020
184,Customer 184,727230106,customer184@example.com,8697 Main St,New York,NY,USA,10100,07/01/2020
185,Customer 185,410319554,customer185@example.com,8016 Main St,New York,NY,USA,63942,07/02/2020
186,Customer 186,696661496,customer186@example.com,5897 Main St,New York,NY,USA,84573,07/03/2020
187,Customer 187,707971651,customer187@example.com,7943 Main St,New York,NY,USA,16037,07/04/2020
188,Customer 188,970800364,customer188@example.com,7378 Main St,New York,NY,USA,64779,07/05/2020
189,Customer 189,873332797,customer189@example.com,9672 Main St,New York,NY,USA,35247,07/06/2020
190,Customer 190,946647054,customer190@example.com,5594 Main St,New York,NY,USA,62817,07/07/2020
191,Customer 191,955547744,customer191@example.com,3129 Main St,New York,NY,USA,34813,07/08/2020
192,Customer 192,514072068,customer192@example.com,7027 Main St,New York,NY,USA,58371,07/09/2020
193,Customer 193,956756973,customer193@example.com,3822 Main St,New York,NY,USA,57354,07/10/2020
194,Customer 194,599083403,customer194@example.com,2712 Main St,New York,NY,USA,66062,07/11/2020
195,Customer 195,303740156,customer195@example.com,8473 Main St,New York,NY,USA,91941,07/12/2020
196,Customer 196,173116246,customer196@example.com,1029 Main St,New York,NY,USA,32957,07/13/2020
197,Customer 197,374009549,customer197@example.com,2661 Main St,New York,NY,USA,48870,07/14/2020
198,Customer 198,795012217,customer198@example.com,2354 Main St,New York,NY,USA,39849,07/15/2020
199,Customer 199,729237357,customer199@example.com,5663 Main St,New York,NY,USA,78727,07/16/2020
200,Customer 200,853505099,customer200@example.com,7735 Main St,New York,NY,USA,52661,07/17/2020
201,Customer 201,663083960,customer201@example.com,8346 Main St,New York,NY,USA,50831,07/18/2020
